id,calsim+AF8-id,name,description,reservoir+AF8-entity+AF8-id,primary+AF8-entity+AF8-short+AF8-code,variable+AF8-type,storage+AF8-zone+AF8-type,operational+AF8-purpose,is+AF8-aggregate,aggregated+AF8-entities,trigger+AF8-threshold,outcome+AF8-category+AF8-short+AF8-code,unit+AF8-id,temporal+AF8-scale+AF8-id,variable+AF8-version+AF8-id,created+AF8-by,updated+AF8-by
2,S+AF8-ALMNR,Almanor Reservoir Storage,Lake Almanor storage,1,ALMNR,storage,,power+AF8-generation,false,,,reservoir+AF8-storage,1,3,1,1,
3,S+AF8-ALOHA,Aloha Reservoir Storage,Aloha Lake storage,2,ALOHA,storage,,water+AF8-supply,false,,,reservoir+AF8-storage,1,3,1,1,
4,S+AF8-ALPNE,Alpine Reservoir Storage,Alpine Lake storage,3,ALPNE,storage,,water+AF8-supply,false,,,reservoir+AF8-storage,1,3,1,1,
5,S+AF8-AMADR,Amador Reservoir Storage,Amador Lake storage,4,AMADR,storage,,water+AF8-supply,false,,,reservoir+AF8-storage,1,3,1,1,
6,S+AF8-ANTLP,Antelope Reservoir Storage,Antelope Lake storage,5,ANTLP,storage,,water+AF8-supply,false,,,reservoir+AF8-storage,1,3,1,1,
7,S+AF8-BEARD,Beardsley Reservoir Storage,Beardsley Lake storage,6,BEARD,storage,,power+AF8-generation,false,,,reservoir+AF8-storage,1,3,1,1,
8,S+AF8-BLKBT,Black Butte Reservoir Storage,Black Butte Lake storage,7,BLKBT,storage,,flood+AF8-control,false,,,reservoir+AF8-storage,1,3,1,1,
9,S+AF8-BLUMD,Blue Lakes Storage,Upper and Lower Blue Twin Meadow storage,8,BLUMD,storage,,water+AF8-supply,false,,,reservoir+AF8-storage,1,3,1,1,
10,S+AF8-BOWMN,Bowman Reservoir Storage,Bowman Lake storage,9,BOWMN,storage,,water+AF8-supply,false,,,reservoir+AF8-storage,1,3,1,1,
11,S+AF8-BRYSA,Berryessa Reservoir Storage,Lake Berryessa storage,10,BRYSA,storage,,water+AF8-supply,false,,,reservoir+AF8-storage,1,3,1,1,
12,S+AF8-BTVLY,Butt Valley Reservoir Storage,Butt Valley Reservoir storage,11,BTVLY,storage,,power+AF8-generation,false,,,reservoir+AF8-storage,1,3,1,1,
13,S+AF8-BUCKS,Bucks Lake Storage,Bucks Lake storage,12,BUCKS,storage,,power+AF8-generation,false,,,reservoir+AF8-storage,1,3,1,1,
14,S+AF8-CAPLS,Caples Lake Storage,Caples Lake storage,13,CAPLS,storage,,power+AF8-generation,false,,,reservoir+AF8-storage,1,3,1,1,
15,S+AF8-CLRLK,Clear Lake Storage,Clear Lake storage,14,CLRLK,storage,,water+AF8-supply,false,,,reservoir+AF8-storage,1,3,1,1,
16,S+AF8-CMBIE,Combie Reservoir Storage,Combie Lake storage,15,CMBIE,storage,,water+AF8-supply,false,,,reservoir+AF8-storage,1,3,1,1,
17,S+AF8-CMCHE,Camanche Reservoir Storage,Camanche Lake storage,16,CMCHE,storage,,water+AF8-supply,false,,,reservoir+AF8-storage,1,3,1,1,
18,S+AF8-CMPFW,Camp Far West Storage,Camp Far West Reservoir storage,17,CMPFW,storage,,water+AF8-supply,false,,,reservoir+AF8-storage,1,3,1,1,
19,S+AF8-CSTIC,Castaic Lake Storage,Castaic Lake storage,85,CSTIC,storage,,water+AF8-supply,false,,,reservoir+AF8-storage,1,3,1,1,
20,S+AF8-DAVIS,Davis Reservoir Storage,Davis Reservoir storage,18,DAVIS,storage,,water+AF8-supply,false,,,reservoir+AF8-storage,1,3,1,1,
21,S+AF8-DELVE,Del Valle Storage,Del Valle Reservoir storage,86,DELVE,storage,,water+AF8-supply,false,,,reservoir+AF8-storage,1,3,1,1,
22,S+AF8-DONLL,Donnell Reservoir Storage,Donnell Lake storage,19,DONLL,storage,,power+AF8-generation,false,,,reservoir+AF8-storage,1,3,1,1,
23,S+AF8-EBTML,EBMUD Terminal Storage,EBMUD terminal reservoirs storage,21,EBTML,storage,,water+AF8-supply,false,,,reservoir+AF8-storage,1,3,1,1,
24,S+AF8-ECHOL,Echo Lake Storage,Echo Lake storage,22,ECHOL,storage,,water+AF8-supply,false,,,reservoir+AF8-storage,1,3,1,1,
25,S+AF8-ELENR,Eleanor Lake Storage,Eleanor Lake storage,87,ELENR,storage,,water+AF8-supply,false,,,reservoir+AF8-storage,1,3,1,1,
26,S+AF8-ENGLB,Englebright Storage,Englebright Lake storage,23,ENGLB,storage,,flood+AF8-control,false,,,reservoir+AF8-storage,1,3,1,1,
27,S+AF8-EPARK,East Park Storage,East Park Reservoir storage,24,EPARK,storage,,water+AF8-supply,false,,,reservoir+AF8-storage,1,3,1,1,
28,S+AF8-ESTMN,Eastman Lake Storage,Eastman Lake storage,25,ESTMN,storage,,flood+AF8-control,false,,,reservoir+AF8-storage,1,3,1,1,
29,S+AF8-FOLSM,Folsom Reservoir Storage,Folsom Lake storage,26,FOLSM,storage,,water+AF8-supply,false,,,reservoir+AF8-storage,1,3,1,1,
30,S+AF8-FOLSM+AF8-DELTA,Folsom Delta Reserve Storage,Folsom storage reserved for Delta water quality needs,26,FOLSM,storage,delta+AF8-reserve,water+AF8-quality,false,,,reservoir+AF8-storage,1,3,1,1,
31,S+AF8-FOLSM+AF8-DELTA+AF8-S,Folsom Delta Storage Zone,Folsom Delta storage zone for WRIMS weighting,26,FOLSM,storage,delta+AF8-reserve,water+AF8-quality,false,,,reservoir+AF8-storage,1,3,1,1,
32,S+AF8-FOLSM+AF8-EBMUD,Folsom EBMUD Storage,Folsom carryover storage for EBMUD transfers,26,FOLSM,storage,carryover,water+AF8-supply,false,,,reservoir+AF8-storage,1,3,1,1,
33,S+AF8-FRDYC,Fordyce Lake Storage,Fordyce Lake storage,27,FRDYC,storage,,power+AF8-generation,false,,,reservoir+AF8-storage,1,3,1,1,
34,S+AF8-FRMAN,Frenchman Lake Storage,Frenchman Lake storage,28,FRMAN,storage,,water+AF8-supply,false,,,reservoir+AF8-storage,1,3,1,1,
35,S+AF8-FRMDW,French Meadows Storage,French Meadows Reservoir storage,29,FRMDW,storage,,power+AF8-generation,false,,,reservoir+AF8-storage,1,3,1,1,
36,S+AF8-FRNCH,French Lake Storage,French Lake storage,30,FRNCH,storage,,water+AF8-supply,false,,,reservoir+AF8-storage,1,3,1,1,
37,S+AF8-GERLE,Gerle Creek Storage,Gerle Creek Reservoir storage,31,GERLE,storage,,power+AF8-generation,false,,,reservoir+AF8-storage,1,3,1,1,
38,S+AF8-HHOLE,Hell Hole Storage,Hell Hole Reservoir storage,32,HHOLE,storage,,power+AF8-generation,false,,,reservoir+AF8-storage,1,3,1,1,
39,S+AF8-HNSLY,Hensley Lake Storage,Hensley Lake storage,33,HNSLY,storage,,flood+AF8-control,false,,,reservoir+AF8-storage,1,3,1,1,
40,S+AF8-HTCHY,Hetch Hetchy Storage,Hetch Hetchy Reservoir storage,88,HTCHY,storage,,water+AF8-supply,false,,,reservoir+AF8-storage,1,3,1,1,
41,S+AF8-ICEHS,Ice House Storage,Ice House Reservoir storage,34,ICEHS,storage,,power+AF8-generation,false,,,reservoir+AF8-storage,1,3,1,1,
42,S+AF8-INDVL,Indian Valley Storage,Indian Valley Reservoir storage,35,INDVL,storage,,flood+AF8-control,false,,,reservoir+AF8-storage,1,3,1,1,
43,S+AF8-JKSMD,Jackson Meadows Storage,Jackson Meadows Reservoir storage,36,JKSMD,storage,,water+AF8-supply,false,,,reservoir+AF8-storage,1,3,1,1,
44,S+AF8-JNKSN,Jenkinson Lake Storage,Jenkinson Lake storage,37,JNKSN,storage,,water+AF8-supply,false,,,reservoir+AF8-storage,1,3,1,1,
45,S+AF8-KSWCK,Keswick Reservoir Storage,Keswick Reservoir storage,38,KSWCK,storage,,regulating,false,,,reservoir+AF8-storage,1,3,1,1,
46,S+AF8-LBEAR,Lower Bear Storage,Lower Bear Reservoir storage,39,LBEAR,storage,,power+AF8-generation,false,,,reservoir+AF8-storage,1,3,1,1,
47,S+AF8-LCBRF,LCBRF Storage,Lindsey Culbertson Blue Rucker Feeley storage,40,LCBRF,storage,,water+AF8-supply,false,,,reservoir+AF8-storage,1,3,1,1,
48,S+AF8-LGRSV,Little Grass Valley Storage,Little Grass Valley Reservoir storage,41,LGRSV,storage,,flood+AF8-control,false,,,reservoir+AF8-storage,1,3,1,1,
49,S+AF8-LKVLY,Lake Valley Storage,Lake Valley Reservoir storage,42,LKVLY,storage,,power+AF8-generation,false,,,reservoir+AF8-storage,1,3,1,1,
50,S+AF8-LLOYD,Lake Lloyd Storage,Lake Lloyd storage,89,LLOYD,storage,,water+AF8-supply,false,,,reservoir+AF8-storage,1,3,1,1,
51,S+AF8-LOONL,Loon Lake Storage,Loon Lake storage,43,LOONL,storage,,power+AF8-generation,false,,,reservoir+AF8-storage,1,3,1,1,
52,S+AF8-LOSVQ,Los Vaqueros Storage,Los Vaqueros Reservoir storage,44,LOSVQ,storage,,water+AF8-supply,false,,,reservoir+AF8-storage,1,3,1,1,
53,S+AF8-LWSTN,Lewiston Storage,Lewiston Lake storage,45,LWSTN,storage,,regulating,false,,,reservoir+AF8-storage,1,3,1,1,
54,S+AF8-LYONS,Lyons Reservoir Storage,Lyons Reservoir storage,46,LYONS,storage,,water+AF8-supply,false,,,reservoir+AF8-storage,1,3,1,1,
55,S+AF8-MCLRE,McClure Storage,McClure Reservoir storage,47,MCLRE,storage,,water+AF8-supply,false,,,reservoir+AF8-storage,1,3,1,1,
56,S+AF8-MDSTO,Modesto Storage,Modesto Reservoir storage,48,MDSTO,storage,,water+AF8-supply,false,,,reservoir+AF8-storage,1,3,1,1,
57,S+AF8-MELON,New Melones Storage,New Melones Lake storage,49,MELON,storage,,water+AF8-supply,false,,,reservoir+AF8-storage,1,3,1,1,
58,S+AF8-MERLC,Merle Collins Storage,Merle Collins Reservoir storage,50,MERLC,storage,,water+AF8-supply,false,,,reservoir+AF8-storage,1,3,1,1,
59,S+AF8-MLRTN,Millerton Storage,Millerton Lake storage,51,MLRTN,storage,,water+AF8-supply,false,,,reservoir+AF8-storage,1,3,1,1,
60,S+AF8-MTMDW,Mountain Meadows Storage,Mountain Meadows Reservoir storage,52,MTMDW,storage,,water+AF8-supply,false,,,reservoir+AF8-storage,1,3,1,1,
61,S+AF8-NBLDB,New Bullards Bar Storage,New Bullards Bar Reservoir storage,53,NBLDB,storage,,water+AF8-supply,false,,,reservoir+AF8-storage,1,3,1,1,
62,S+AF8-NHGAN,New Hogan Storage,New Hogan Lake storage,54,NHGAN,storage,,flood+AF8-control,false,,,reservoir+AF8-storage,1,3,1,1,
63,S+AF8-NTOMA,Natoma Storage,Lake Natoma storage,55,NTOMA,storage,,afterbay,false,,,reservoir+AF8-storage,1,3,1,1,
64,S+AF8-OROVL,Oroville Storage,Lake Oroville storage,56,OROVL,storage,,water+AF8-supply,false,,,reservoir+AF8-storage,1,3,1,1,
65,S+AF8-OROVL+AF8-DELTA,Oroville Delta Storage,Oroville storage for SWP Delta obligations,56,OROVL,storage,delta+AF8-reserve,water+AF8-quality,false,,,reservoir+AF8-storage,1,3,1,1,
66,S+AF8-OROVL+AF8-DELTA+AF8-S,Oroville Delta Storage Zone,Oroville Delta storage zone for objective function,56,OROVL,storage,delta+AF8-reserve,water+AF8-quality,false,,,reservoir+AF8-storage,1,3,1,1,
67,S+AF8-PARDE,Pardee Storage,Pardee Reservoir storage,57,PARDE,storage,,water+AF8-supply,false,,,reservoir+AF8-storage,1,3,1,1,
68,S+AF8-PCRST,Pine Crest Storage,Pine Crest Lake storage,58,PCRST,storage,,water+AF8-supply,false,,,reservoir+AF8-storage,1,3,1,1,
69,S+AF8-PEDRO,New Don Pedro Storage,New Don Pedro Reservoir storage,59,PEDRO,storage,,water+AF8-supply,false,,,reservoir+AF8-storage,1,3,1,1,
70,S+AF8-PRRIS,Perris Lake Storage,Lake Perris storage,90,PRRIS,storage,,water+AF8-supply,false,,,reservoir+AF8-storage,1,3,1,1,
71,S+AF8-PYRMD,Pyramid Lake Storage,Pyramid Lake storage,91,PYRMD,storage,,water+AF8-supply,false,,,reservoir+AF8-storage,1,3,1,1,
72,S+AF8-RLIEF,Relief Reservoir Storage,Relief Reservoir storage,60,RELIE,storage,,water+AF8-supply,false,,,reservoir+AF8-storage,1,3,1,1,
73,S+AF8-RLLNS,Rollins Storage,Rollins Reservoir storage,61,RLLNS,storage,,water+AF8-supply,false,,,reservoir+AF8-storage,1,3,1,1,
74,S+AF8-RLLNS+AF8-PGE,Rollins PGE Storage,Rollins PGE storage allocation,61,RLLNS,storage,allocation,power+AF8-generation,false,,,reservoir+AF8-storage,1,3,1,1,
75,S+AF8-RNCHO,Rancho Murieta Storage,Rancho Murieta local reservoir storage,62,RNCHO,storage,,water+AF8-supply,false,,,reservoir+AF8-storage,1,3,1,1,
76,S+AF8-RVPHB,Round Valley Philbrook Storage,Round Valley and Philbrook storage,63,RVPHB,storage,,water+AF8-supply,false,,,reservoir+AF8-storage,1,3,1,1,
77,S+AF8-SCOTF,Scott Flat Storage,Scott Flat Reservoir storage,64,SCOTF,storage,,water+AF8-supply,false,,,reservoir+AF8-storage,1,3,1,1,
78,S+AF8-SGRGE,Stony Gorge Storage,Stony Gorge Reservoir storage,65,SGRGE,storage,,water+AF8-supply,false,,,reservoir+AF8-storage,1,3,1,1,
79,S+AF8-SHSTA,Shasta Storage,Shasta Lake storage,66,SHSTA,storage,,water+AF8-supply,false,,,reservoir+AF8-storage,1,3,1,1,
80,S+AF8-SHSTA+AF8-DELTA,Shasta Delta Storage,Shasta storage for CVP Delta obligations,66,SHSTA,storage,delta+AF8-reserve,water+AF8-quality,false,,,reservoir+AF8-storage,1,3,1,1,
81,S+AF8-SHSTA+AF8-DELTA+AF8-S,Shasta Delta Storage Zone,Shasta Delta storage zone for WRIMS weighting,66,SHSTA,storage,delta+AF8-reserve,water+AF8-quality,false,,,reservoir+AF8-storage,1,3,1,1,
82,S+AF8-SILVR,Silver Lake Storage,Silver Lake storage,67,SILVR,storage,,power+AF8-generation,false,,,reservoir+AF8-storage,1,3,1,1,
83,S+AF8-SLTSP,Salt Springs Storage,Salt Springs Reservoir storage,68,SLTSP,storage,,power+AF8-generation,false,,,reservoir+AF8-storage,1,3,1,1,
84,S+AF8-SLUIS,San Luis Storage,San Luis Reservoir total storage,69,SLUIS,storage,,water+AF8-supply,false,,,reservoir+AF8-storage,1,3,1,1,
85,S+AF8-SLUIS+AF8-CVP,San Luis CVP Storage,San Luis CVP storage allocation,70,SLUIS+AF8-CVP,storage,allocation,water+AF8-supply,false,,,reservoir+AF8-storage,1,3,1,1,
86,S+AF8-SLUIS+AF8-CVP+AF8-DELTA,San Luis CVP Delta Storage,San Luis CVP Delta reserve storage,70,SLUIS+AF8-CVP,storage,delta+AF8-reserve,water+AF8-quality,false,,,reservoir+AF8-storage,1,3,1,1,
87,S+AF8-SLUIS+AF8-CVP+AF8-DELTA+AF8-S,San Luis CVP Delta Zone,San Luis CVP Delta storage zone,70,SLUIS+AF8-CVP,storage,delta+AF8-reserve,water+AF8-quality,false,,,reservoir+AF8-storage,1,3,1,1,
88,S+AF8-SLUIS+AF8-SWP,San Luis SWP Storage,San Luis SWP storage allocation,71,SLUIS+AF8-SWP,storage,allocation,water+AF8-supply,false,,,reservoir+AF8-storage,1,3,1,1,
89,S+AF8-SLUIS+AF8-SWP+AF8-DELTA,San Luis SWP Delta Storage,San Luis SWP Delta reserve storage,71,SLUIS+AF8-SWP,storage,delta+AF8-reserve,water+AF8-quality,false,,,reservoir+AF8-storage,1,3,1,1,
90,S+AF8-SLUIS+AF8-SWP+AF8-DELTA+AF8-S,San Luis SWP Delta Zone,San Luis SWP Delta storage zone,71,SLUIS+AF8-SWP,storage,delta+AF8-reserve,water+AF8-quality,false,,,reservoir+AF8-storage,1,3,1,1,
91,S+AF8-SLYCK,Sly Creek Storage,Sly Creek Reservoir storage,72,SLYCK,storage,,flood+AF8-control,false,,,reservoir+AF8-storage,1,3,1,1,
92,S+AF8-SPICE,Spice Reservoir Storage,Spice Reservoir storage,73,SPICE,storage,,water+AF8-supply,false,,,reservoir+AF8-storage,1,3,1,1,
93,S+AF8-SPLDG,Spaulding Storage,Spaulding Lake storage,74,SPLDG,storage,,power+AF8-generation,false,,,reservoir+AF8-storage,1,3,1,1,
94,S+AF8-STMPY,Stumpy Meadows Storage,Stumpy Meadows Reservoir storage,75,STMPY,storage,,water+AF8-supply,false,,,reservoir+AF8-storage,1,3,1,1,
95,S+AF8-SVRWD,Silverwood Lake Storage,Silverwood Lake storage,92,SVRWD,storage,,water+AF8-supply,false,,,reservoir+AF8-storage,1,3,1,1,
96,S+AF8-THRMA,Thermalito Afterbay Storage,Thermalito Afterbay storage,76,THRMA,storage,,afterbay,false,,,reservoir+AF8-storage,1,3,1,1,
97,S+AF8-THRMF,Thermalito Forebay Storage,Thermalito Forebay storage,77,THRMF,storage,,regulating,false,,,reservoir+AF8-storage,1,3,1,1,
98,S+AF8-TRLCK,Turlock Storage,Turlock Lake storage,78,TRLCK,storage,,water+AF8-supply,false,,,reservoir+AF8-storage,1,3,1,1,
99,S+AF8-TRNTY,Trinity Storage,Trinity Lake storage,79,TRNTY,storage,,water+AF8-supply,false,,,reservoir+AF8-storage,1,3,1,1,
100,S+AF8-TRNTY+AF8-DELTA,Trinity Delta Storage,Trinity storage for Delta transfer obligations,79,TRNTY,storage,delta+AF8-reserve,water+AF8-quality,false,,,reservoir+AF8-storage,1,3,1,1,
101,S+AF8-TRNTY+AF8-DELTA+AF8-S,Trinity Delta Storage Zone,Trinity Delta storage zone for WRIMS weighting,79,TRNTY,storage,delta+AF8-reserve,water+AF8-quality,false,,,reservoir+AF8-storage,1,3,1,1,
102,S+AF8-TULOC,Tulloch Storage,Tulloch Reservoir storage,80,TULOC,storage,,water+AF8-supply,false,,,reservoir+AF8-storage,1,3,1,1,
103,S+AF8-UBEAR,Upper Bear Storage,Upper Bear River Reservoir storage,81,UBEAR,storage,,power+AF8-generation,false,,,reservoir+AF8-storage,1,3,1,1,
104,S+AF8-UNVLY,Union Valley Storage,Union Valley Reservoir storage,82,UNVLY,storage,,power+AF8-generation,false,,,reservoir+AF8-storage,1,3,1,1,
105,S+AF8-UPPERFEATHER,Upper Feather Storage,Upper Feather River aggregate storage,,,storage,total,water+AF8-supply,false,,,reservoir+AF8-storage,1,3,1,1,
106,S+AF8-WDWRD,Woodward Storage,Woodward Reservoir storage,83,WDWRD,storage,,water+AF8-supply,false,,,reservoir+AF8-storage,1,3,1,1,
107,S+AF8-WKYTN,Whiskeytown Storage,Whiskeytown Lake storage,84,WKYTN,storage,,water+AF8-supply ,false,,,reservoir+AF8-storage,1,3,1,1,
108,PGESTORAGE+AF8-LEVEL1+AF8-,PG+ACY-E Storage Level 1,PG+ACY-E aggregate storage level 1 decision variable,,PGE,storage+AF8-level,level,power+AF8-generation,false,,,,1,3,1,1,
109,PGESTORAGE+AF8-LEVEL2+AF8-,PG+ACY-E Storage Level 2,PG+ACY-E aggregate storage level 2 decision variable,,PGE,storage+AF8-level,level,power+AF8-generation,false,,,,1,3,1,1,
110,PGESTORAGE+AF8-LEVEL3+AF8-,PG+ACY-E Storage Level 3,PG+ACY-E aggregate storage level 3 decision variable,,PGE,storage+AF8-level,level,power+AF8-generation,false,,,,1,3,1,1,
111,PGESTORAGE+AF8-LEVEL4+AF8-,PG+ACY-E Storage Level 4,PG+ACY-E aggregate storage level 4 decision variable,,PGE,storage+AF8-level,level,power+AF8-generation,false,,,,1,3,1,1,
112,PGESTORAGE+AF8-LEVEL5+AF8-,PG+ACY-E Storage Level 5,PG+ACY-E aggregate storage level 5 decision variable,,PGE,storage+AF8-level,level,power+AF8-generation,false,,,,1,3,1,1,
113,PGESTORAGE+AF8-LEVEL6+AF8-,PG+ACY-E Storage Level 6,PG+ACY-E aggregate storage level 6 decision variable,,PGE,storage+AF8-level,level,power+AF8-generation,false,,,,1,3,1,1,
114,S+AF8-ALOHALEVEL1DV,Aloha Storage Level 1,Aloha Reservoir storage level 1 decision variable,2,ALOHA,storage+AF8-level,level,water+AF8-supply,false,,,,1,3,1,1,
115,S+AF8-ALOHALEVEL2DV,Aloha Storage Level 2,Aloha Reservoir storage level 2 decision variable,2,ALOHA,storage+AF8-level,level,water+AF8-supply,false,,,,1,3,1,1,
116,S+AF8-ALOHALEVEL3DV,Aloha Storage Level 3,Aloha Reservoir storage level 3 decision variable,2,ALOHA,storage+AF8-level,level,water+AF8-supply,false,,,,1,3,1,1,
117,S+AF8-ALOHALEVEL4DV,Aloha Storage Level 4,Aloha Reservoir storage level 4 decision variable,2,ALOHA,storage+AF8-level,level,water+AF8-supply,false,,,,1,3,1,1,
118,S+AF8-ALOHALEVEL5DV,Aloha Storage Level 5,Aloha Reservoir storage level 5 decision variable,2,ALOHA,storage+AF8-level,level,water+AF8-supply,false,,,,1,3,1,1,
119,S+AF8-BLKBTLEVEL3DV,Black Butte Level 3,Black Butte Reservoir storage level 3 decision variable,7,BLKBT,storage+AF8-level,level,flood+AF8-control,false,,,,1,3,1,1,
120,S+AF8-BLKBTLEVEL4DV,Black Butte Level 4,Black Butte Reservoir storage level 4 decision variable,7,BLKBT,storage+AF8-level,level,flood+AF8-control,false,,,,1,3,1,1,
121,S+AF8-CAPLSLEVEL1DV,Caples Lake Level 1,Caples Lake storage level 1 decision variable,13,CAPLS,storage+AF8-level,level,power+AF8-generation,false,,,,1,3,1,1,
122,S+AF8-CAPLSLEVEL2DV,Caples Lake Level 2,Caples Lake storage level 2 decision variable,13,CAPLS,storage+AF8-level,level,power+AF8-generation,false,,,,1,3,1,1,
123,S+AF8-CAPLSLEVEL3DV,Caples Lake Level 3,Caples Lake storage level 3 decision variable,13,CAPLS,storage+AF8-level,level,power+AF8-generation,false,,,,1,3,1,1,
124,S+AF8-CAPLSLEVEL4DV,Caples Lake Level 4,Caples Lake storage level 4 decision variable,13,CAPLS,storage+AF8-level,level,power+AF8-generation,false,,,,1,3,1,1,
125,S+AF8-CAPLSLEVEL5DV,Caples Lake Level 5,Caples Lake storage level 5 decision variable,13,CAPLS,storage+AF8-level,level,power+AF8-generation,false,,,,1,3,1,1,
126,S+AF8-CLRLKLEVEL4,Clear Lake Level 4,Clear Lake storage level 4,14,CLRLK,storage+AF8-level,level,water+AF8-supply,false,,,,1,3,1,1,
127,S+AF8-ECHOLEVEL5+AF8-DV,Echo Lake Level 5,Echo Lake storage level 5 decision variable,22,ECHOL,storage+AF8-level,level,water+AF8-supply,false,,,,1,3,1,1,
128,S+AF8-ECHOLLEVEL1DV,Echo Lake Level 1,Echo Lake storage level 1 decision variable,22,ECHOL,storage+AF8-level,level,water+AF8-supply,false,,,,1,3,1,1,
129,S+AF8-ECHOLLEVEL2DV,Echo Lake Level 2,Echo Lake storage level 2 decision variable,22,ECHOL,storage+AF8-level,level,water+AF8-supply,false,,,,1,3,1,1,
130,S+AF8-ECHOLLEVEL3DV,Echo Lake Level 3,Echo Lake storage level 3 decision variable,22,ECHOL,storage+AF8-level,level,water+AF8-supply,false,,,,1,3,1,1,
131,S+AF8-ECHOLLEVEL4DV,Echo Lake Level 4,Echo Lake storage level 4 decision variable,22,ECHOL,storage+AF8-level,level,water+AF8-supply,false,,,,1,3,1,1,
132,S+AF8-ECHOLLEVEL5DV,Echo Lake Level 5,Echo Lake storage level 5 decision variable,22,ECHOL,storage+AF8-level,level,water+AF8-supply,false,,,,1,3,1,1,
133,S+AF8-ESTMNLEVEL4DV,Eastman Lake Level 4,Eastman Lake storage level 4 decision variable,25,ESTMN,storage+AF8-level,level,flood+AF8-control,false,,,,1,3,1,1,
134,S+AF8-FOLSMLEVEL3ADJDV,Folsom Level 3 Adjusted,Folsom Reservoir storage level 3 adjusted decision variable,26,FOLSM,storage+AF8-level,level,water+AF8-supply,false,,,,1,3,1,1,
135,S+AF8-FOLSMLEVEL4DV,Folsom Level 4,Folsom Reservoir storage level 4 decision variable,26,FOLSM,storage+AF8-level,level,water+AF8-supply,false,,,,1,3,1,1,
136,S+AF8-FOLSMLEVEL5DV,Folsom Level 5,Folsom Reservoir storage level 5 decision variable,26,FOLSM,storage+AF8-level,level,water+AF8-supply,false,,,,1,3,1,1,
137,S+AF8-FRDYCLEVEL3+AF8-DV,Fordyce Level 3,Fordyce Lake storage level 3 decision variable,27,FRDYC,storage+AF8-level,level,power+AF8-generation,false,,,,1,3,1,1,
138,S+AF8-FRDYCLEVEL5+AF8-DV,Fordyce Level 5,Fordyce Lake storage level 5 decision variable,27,FRDYC,storage+AF8-level,level,power+AF8-generation,false,,,,1,3,1,1,
139,S+AF8-FRMDWLEVEL2DV,French Meadows Level 2,French Meadows Reservoir storage level 2 decision variable,29,FRMDW,storage+AF8-level,level,power+AF8-generation,false,,,,1,3,1,1,
140,S+AF8-FRMDWLEVEL3DV,French Meadows Level 3,French Meadows Reservoir storage level 3 decision variable,29,FRMDW,storage+AF8-level,level,power+AF8-generation,false,,,,1,3,1,1,
141,S+AF8-FRMDWLEVEL4DV,French Meadows Level 4,French Meadows Reservoir storage level 4 decision variable,29,FRMDW,storage+AF8-level,level,power+AF8-generation,false,,,,1,3,1,1,
142,S+AF8-FRMDWLEVEL5DV,French Meadows Level 5,French Meadows Reservoir storage level 5 decision variable,29,FRMDW,storage+AF8-level,level,power+AF8-generation,false,,,,1,3,1,1,
143,S+AF8-FRMDWLEVEL6DV,French Meadows Level 6,French Meadows Reservoir storage level 6 decision variable,29,FRMDW,storage+AF8-level,level,power+AF8-generation,false,,,,1,3,1,1,
144,S+AF8-HHOLELEVEL2DV,Hell Hole Level 2,Hell Hole Reservoir storage level 2 decision variable,32,HHOLE,storage+AF8-level,level,power+AF8-generation,false,,,,1,3,1,1,
145,S+AF8-HHOLELEVEL3DV,Hell Hole Level 3,Hell Hole Reservoir storage level 3 decision variable,32,HHOLE,storage+AF8-level,level,power+AF8-generation,false,,,,1,3,1,1,
146,S+AF8-HHOLELEVEL4DV,Hell Hole Level 4,Hell Hole Reservoir storage level 4 decision variable,32,HHOLE,storage+AF8-level,level,power+AF8-generation,false,,,,1,3,1,1,
147,S+AF8-HHOLELEVEL6DV,Hell Hole Level 6,Hell Hole Reservoir storage level 6 decision variable,32,HHOLE,storage+AF8-level,level,power+AF8-generation,false,,,,1,3,1,1,
148,S+AF8-HNSLYLEVEL2,Hensley Lake Level 2,Hensley Lake storage level 2,33,HNSLY,storage+AF8-level,level,flood+AF8-control,false,,,,1,3,1,1,
149,S+AF8-HNSLYLEVEL4DV,Hensley Lake Level 4,Hensley Lake storage level 4 decision variable,33,HNSLY,storage+AF8-level,level,flood+AF8-control,false,,,,1,3,1,1,
150,S+AF8-ICEHSLEVEL2DV,Ice House Level 2,Ice House Reservoir storage level 2 decision variable,34,ICEHS,storage+AF8-level,level,power+AF8-generation,false,,,,1,3,1,1,
151,S+AF8-ICEHSLEVEL3DV,Ice House Level 3,Ice House Reservoir storage level 3 decision variable,34,ICEHS,storage+AF8-level,level,power+AF8-generation,false,,,,1,3,1,1,
152,S+AF8-ICEHSLEVEL4DV,Ice House Level 4,Ice House Reservoir storage level 4 decision variable,34,ICEHS,storage+AF8-level,level,power+AF8-generation,false,,,,1,3,1,1,
153,S+AF8-ICEHSLEVEL5DV,Ice House Level 5,Ice House Reservoir storage level 5 decision variable,34,ICEHS,storage+AF8-level,level,power+AF8-generation,false,,,,1,3,1,1,
154,S+AF8-LOONLLEVEL2DV,Loon Lake Level 2,Loon Lake storage level 2 decision variable,43,LOONL,storage+AF8-level,level,power+AF8-generation,false,,,,1,3,1,1,
155,S+AF8-LOONLLEVEL3DV,Loon Lake Level 3,Loon Lake storage level 3 decision variable,43,LOONL,storage+AF8-level,level,power+AF8-generation,false,,,,1,3,1,1,
156,S+AF8-LOONLLEVEL4DV,Loon Lake Level 4,Loon Lake storage level 4 decision variable,43,LOONL,storage+AF8-level,level,power+AF8-generation,false,,,,1,3,1,1,
157,S+AF8-LOONLLEVEL5DV,Loon Lake Level 5,Loon Lake storage level 5 decision variable,43,LOONL,storage+AF8-level,level,power+AF8-generation,false,,,,1,3,1,1,
158,S+AF8-MCLRELEVEL4DV,McClure Level 4,McClure Reservoir storage level 4 decision variable,47,MCLRE,storage+AF8-level,level,water+AF8-supply,false,,,,1,3,1,1,
159,S+AF8-MELONLEVEL3DV,New Melones Level 3,New Melones Lake storage level 3 decision variable,49,MELON,storage+AF8-level,level,water+AF8-supply,false,,,,1,3,1,1,
160,S+AF8-MELONLEVEL4DV,New Melones Level 4,New Melones Lake storage level 4 decision variable,49,MELON,storage+AF8-level,level,water+AF8-supply,false,,,,1,3,1,1,
161,S+AF8-MLRTNLEVEL2,Millerton Level 2,Millerton Lake storage level 2,51,MLRTN,storage+AF8-level,level,water+AF8-supply,false,,,,1,3,1,1,
162,S+AF8-MLRTNLEVEL3,Millerton Level 3,Millerton Lake storage level 3,51,MLRTN,storage+AF8-level,level,water+AF8-supply,false,,,,1,3,1,1,
163,S+AF8-MLRTNLEVEL4,Millerton Level 4,Millerton Lake storage level 4,51,MLRTN,storage+AF8-level,level,water+AF8-supply,false,,,,1,3,1,1,
164,S+AF8-OROVLLEVEL1DV,Oroville Level 1,Lake Oroville storage level 1 decision variable,56,OROVL,storage+AF8-level,level,water+AF8-supply,false,,,,1,3,1,1,
165,S+AF8-OROVLLEVEL2DV,Oroville Level 2,Lake Oroville storage level 2 decision variable,56,OROVL,storage+AF8-level,level,water+AF8-supply,false,,,,1,3,1,1,
166,S+AF8-OROVLLEVEL3DV,Oroville Level 3,Lake Oroville storage level 3 decision variable,56,OROVL,storage+AF8-level,level,water+AF8-supply,false,,,,1,3,1,1,
167,S+AF8-OROVLLEVEL4DV,Oroville Level 4,Lake Oroville storage level 4 decision variable,56,OROVL,storage+AF8-level,level,water+AF8-supply,false,,,,1,3,1,1,
168,S+AF8-OROVLLEVEL5DV,Oroville Level 5,Lake Oroville storage level 5 decision variable,56,OROVL,storage+AF8-level,level,water+AF8-supply,false,,,,1,3,1,1,
169,S+AF8-SHSTALEVEL1DV,Shasta Level 1,Shasta Lake storage level 1 decision variable,66,SHSTA,storage+AF8-level,level,water+AF8-supply,false,,,,1,3,1,1,
170,S+AF8-SHSTALEVEL2DV,Shasta Level 2,Shasta Lake storage level 2 decision variable,66,SHSTA,storage+AF8-level,level,water+AF8-supply,false,,,,1,3,1,1,
171,S+AF8-SHSTALEVEL3DV,Shasta Level 3,Shasta Lake storage level 3 decision variable,66,SHSTA,storage+AF8-level,level,water+AF8-supply,false,,,,1,3,1,1,
172,S+AF8-SHSTALEVEL4DV,Shasta Level 4,Shasta Lake storage level 4 decision variable,66,SHSTA,storage+AF8-level,level,water+AF8-supply,false,,,,1,3,1,1,
173,S+AF8-SHSTALEVEL5DV,Shasta Level 5,Shasta Lake storage level 5 decision variable,66,SHSTA,storage+AF8-level,level,water+AF8-supply,false,,,,1,3,1,1,
174,S+AF8-SHSTALEVEL6DV,Shasta Level 6,Shasta Lake storage level 6 decision variable,66,SHSTA,storage+AF8-level,level,water+AF8-supply,false,,,,1,3,1,1,
175,S+AF8-SILVRLEVEL1DV,Silver Lake Level 1,Silver Lake storage level 1 decision variable,67,SILVR,storage+AF8-level,level,power+AF8-generation,false,,,,1,3,1,1,
176,S+AF8-SILVRLEVEL2DV,Silver Lake Level 2,Silver Lake storage level 2 decision variable,67,SILVR,storage+AF8-level,level,power+AF8-generation,false,,,,1,3,1,1,
177,S+AF8-SILVRLEVEL3DV,Silver Lake Level 3,Silver Lake storage level 3 decision variable,67,SILVR,storage+AF8-level,level,power+AF8-generation,false,,,,1,3,1,1,
178,S+AF8-SILVRLEVEL4DV,Silver Lake Level 4,Silver Lake storage level 4 decision variable,67,SILVR,storage+AF8-level,level,power+AF8-generation,false,,,,1,3,1,1,
179,S+AF8-SILVRLEVEL5DV,Silver Lake Level 5,Silver Lake storage level 5 decision variable,67,SILVR,storage+AF8-level,level,power+AF8-generation,false,,,,1,3,1,1,
180,S+AF8-SLUIS+AF8-CVPLEVEL1DV,San Luis CVP Level 1,San Luis CVP storage level 1 decision variable,70,SLUIS+AF8-CVP,storage+AF8-level,level,water+AF8-supply,false,,,,1,3,1,1,
181,S+AF8-SLUIS+AF8-CVPLEVEL2DV,San Luis CVP Level 2,San Luis CVP storage level 2 decision variable,70,SLUIS+AF8-CVP,storage+AF8-level,level,water+AF8-supply,false,,,,1,3,1,1,
182,S+AF8-SLUIS+AF8-CVPLEVEL3DV,San Luis CVP Level 3,San Luis CVP storage level 3 decision variable,70,SLUIS+AF8-CVP,storage+AF8-level,level,water+AF8-supply,false,,,,1,3,1,1,
183,S+AF8-SLUIS+AF8-CVPLEVEL4DV,San Luis CVP Level 4,San Luis CVP storage level 4 decision variable,70,SLUIS+AF8-CVP,storage+AF8-level,level,water+AF8-supply,false,,,,1,3,1,1,
184,S+AF8-SLUIS+AF8-CVPLEVEL5DV,San Luis CVP Level 5,San Luis CVP storage level 5 decision variable,70,SLUIS+AF8-CVP,storage+AF8-level,level,water+AF8-supply,false,,,,1,3,1,1,
185,S+AF8-SLUIS+AF8-SWPLEVEL1DV,San Luis SWP Level 1,San Luis SWP storage level 1 decision variable,71,SLUIS+AF8-SWP,storage+AF8-level,level,water+AF8-supply,false,,,,1,3,1,1,
186,S+AF8-SLUIS+AF8-SWPLEVEL2DV,San Luis SWP Level 2,San Luis SWP storage level 2 decision variable,71,SLUIS+AF8-SWP,storage+AF8-level,level,water+AF8-supply,false,,,,1,3,1,1,
187,S+AF8-SLUIS+AF8-SWPLEVEL3DV,San Luis SWP Level 3,San Luis SWP storage level 3 decision variable,71,SLUIS+AF8-SWP,storage+AF8-level,level,water+AF8-supply,false,,,,1,3,1,1,
188,S+AF8-SLUIS+AF8-SWPLEVEL4DV,San Luis SWP Level 4,San Luis SWP storage level 4 decision variable,71,SLUIS+AF8-SWP,storage+AF8-level,level,water+AF8-supply,false,,,,1,3,1,1,
189,S+AF8-SLUIS+AF8-SWPLEVEL5DV,San Luis SWP Level 5,San Luis SWP storage level 5 decision variable,71,SLUIS+AF8-SWP,storage+AF8-level,level,water+AF8-supply,false,,,,1,3,1,1,
190,S+AF8-SLYCKLEVEL1DV,Sly Creek Level 1,Sly Creek Reservoir storage level 1 decision variable,72,SLYCK,storage+AF8-level,level,flood+AF8-control,false,,,,1,3,1,1,
191,S+AF8-SLYCKLEVEL2DV,Sly Creek Level 2,Sly Creek Reservoir storage level 2 decision variable,72,SLYCK,storage+AF8-level,level,flood+AF8-control,false,,,,1,3,1,1,
192,S+AF8-SLYCKLEVEL3DV,Sly Creek Level 3,Sly Creek Reservoir storage level 3 decision variable,72,SLYCK,storage+AF8-level,level,flood+AF8-control,false,,,,1,3,1,1,
193,S+AF8-SLYCKLEVEL4DV,Sly Creek Level 4,Sly Creek Reservoir storage level 4 decision variable,72,SLYCK,storage+AF8-level,level,flood+AF8-control,false,,,,1,3,1,1,
194,S+AF8-SLYCKLEVEL5DV,Sly Creek Level 5,Sly Creek Reservoir storage level 5 decision variable,72,SLYCK,storage+AF8-level,level,flood+AF8-control,false,,,,1,3,1,1,
195,S+AF8-SPLDGLEVEL4DV,Spaulding Level 4,Spaulding Lake storage level 4 decision variable,74,SPLDG,storage+AF8-level,level,power+AF8-generation,false,,,,1,3,1,1,
196,S+AF8-SPLDGLEVEL5+AF8-DV,Spaulding Level 5,Spaulding Lake storage level 5 decision variable,74,SPLDG,storage+AF8-level,level,power+AF8-generation,false,,,,1,3,1,1,
